[
   {
        "brand": "Dr.XXXX",
        "model": "M.B.B.S",
        "id": "cold",
        "imgUrl": "images/phones/motog2-1.jpg",
        "desc": "The phone was unveiled along with the second generation Moto X, Moto 360, and Moto Hint in India and the U.S. at their respective events on 5 September 2014. It has U.S. pricing of US$179.99 with no contract for the 8 GB version. This phone was launched in India on Flipkart on September 5, 2014 with sales beginning at midnight.",
        "age": 2
    },{
        "brand": "Dr.XXXX",
        "model": "M.B.B.S",
        "id": "Fever",
        "imgUrl": "images/phones/zenfone2-1.jpg",
        "desc": "The ZenFone 2 was announced at CES 2015. The flagship phablet model (ZE551ML) launched with Android 5.0 Lollipop running Asus's custom Zen UI and has a 5.5inch Full HD (1920×1080) IPS display. The phone is powered by Intel Atom Moorefield SoCs with up to 4 GB of RAM, a first for smartphones. The phone also includes dual MicroSIM card slots",
        "age": 3
    },{
        "brand": "Dr.XXXX",
        "model": "M.B.B.S",
        "id": "TB",
        "imgUrl": "images/phones/lumia320-1.jpg",
        "desc": "Nokia Lumia 920 was a smartphone developed by Nokia that runs the operating system Windows Phone 8 (later the model was upgraded to 8.1). It was announced on September 5, 2012, and was released on November 2, 2012. It has 1.5 GHz multi - core Qualcomm Krait CPU and 114 mm (4.5inch)",
        "age": 4
    },{
        "brand": "Dr.XXXX",
        "model": "M.B.B.S",
        "id": "Thyroid",
        "imgUrl": "images/phones/nexus7-1.jpg",
        "desc": "The first-generation Nexus 7 is a mini tablet computer co-developed by Google and Asus that runs the Android operating system. It is the first tablet in the Google Nexus series of Android consumer devices marketed by Google and built by an original equipment manufacturer partner.",
        "age": 1
    },{
        "brand": "Dr.XXXX",
        "model": "M.B.B.S",
        "id": "Headache",
        "imgUrl": "images/phones/galaxys5-1.jpg",
        "desc": "Samsung Galaxy S5 is an Android smartphone produced by Samsung Electronics. Unveiled on 24 February 2014 at Mobile World Congress in Barcelona, Spain, it was released on 11 April 2014 in 150 countries as the immediate successor to the Galaxy S4.",
        "age": 5
    }
    ,{
        "brand": "Dr.XXXX",
        "model": "M.B.B.S",
        "id": "Infection",
        "imgUrl": "images/phones/zenfonemax-1.jpg",
        "desc": "The Asus ZenFone Max is powered by 1.2GHz quad-core Qualcomm Snapdragon 410 processor and it comes with 2GB of RAM. The phone packs 16GB of internal storage that can be expanded up to 64GB via a microSD card. As far as the cameras are concerned, the Asus ZenFone Max packs a 13-megapixel primary camera on the rear and a 5-megapixel front shooter for selfies. ",
        "age": 6
    }
    ,{
        "brand": "Dr.XXXX",
        "model": "M.B.B.S",
        "id": "Pain",
        "imgUrl": "images/phones/galaxyedge-1.jpg",
        "desc": "The Samsung Galaxy S6 Edge is powered by 1.5GHz octa-core Samsung Exynos 7420 processor and it comes with 3GB of RAM. The phone packs 32GB of internal storage cannot be expanded. As far as the cameras are concerned, the Samsung Galaxy S6 Edge packs a 16-megapixel primary camera on the rear and a 5-megapixel front shooter for selfies.",
        "age": 8
    }
    ,{
        "brand": "Dr.XXXX",
        "model": "M.B.B.S",
        "id": "general",
        "imgUrl": "images/phones/canvas6-1.jpg",
        "desc": "The Micromax Canvas Fire 5 is powered by 1.3GHz quad-core and it comes with 1GB of RAM. The phone packs 16GB of internal storage that can be expanded up to 64GB via a microSD card. As far as the cameras are concerned, the Micromax Canvas Fire 5 packs a 8-megapixel primary camera on the rear and a 5-megapixel front shooter for selfies.",
        "age": 7
    }
    ,{
        "brand": "Dr.XXXX",
        "model": "Dual Screen",
        "id": "Piles",
        "imgUrl": "images/phones/oppo-1.jpg",
        "desc": "The Oppo A30 is powered by 2.3GHz quad-core Qualcomm Snapdragon MSM8974 processor and it comes with 3GB of RAM. The phone packs 16GB of internal storage cannot be expanded. As far as the cameras are concerned, the Oppo A30 packs a 13-megapixel primary camera on the rear and a 8-megapixel front shooter for selfies.",
        "age": 9
    },{
        "brand": "Dr.XXXX",
        "model": "cold",
        "id": "Piles",
        "imgUrl": "images/phones/oppo-1.jpg",
        "desc": "The Oppo A30 is powered by 2.3GHz quad-core Qualcomm Snapdragon MSM8974 processor and it comes with 3GB of RAM. The phone packs 16GB of internal storage cannot be expanded. As far as the cameras are concerned, the Oppo A30 packs a 13-megapixel primary camera on the rear and a 8-megapixel front shooter for selfies.",
        "age": 10
    }
]