{    
      
    "name": "Nokia Lumia 920", 
    "description": "Nokia Lumia 920 was a smartphone developed by Nokia that runs the operating system Windows Phone 8 (later the model was upgraded to 8.1). It was announced on September 5, 2012, and was released on November 2, 2012. It has 1.5 GHz multi - core Qualcomm Krait CPU and 114 mm (4.5inch) TFT LCD IPS, as well as a high sensitivity [ 7 ] with capacitive touchscreen that is covered by the curved Gorilla Glass it supports the inductive load (which can be charged by being placed directly on a loading pad) and is compatible with inductive charging Qi;. yet, has a 8.7 megapixel PureView with optical image stabilization for still images and videos. it comes with 32 GB of internal storage, but has no card slot, so it can not be expanded with memory cards . Its touchscreen can also be used with user-used gloves.",
    "os": "Android 6 Marshmellow",
    "availability": [
        "Black, ", 
        "Blue, ", 
        "Orange"
    ],  
    "sizeAndWeight": {
        "dimensions": [
            "63.0 mm (w) X ", 
            "123.9 mm (h) X ", 
            "10.88 mm (d)"
        ], 
        "weight": "129.0 grams"
    },    
    "display": {
        "type": "LED-backlit IPS LCD capacitive touchscreen, 16M colors",
        "resolution": "800 x 1280 pixels (~216 ppi pixel density)", 
        "size": "7.0 inches", 
        "gorilla": true
    },
    "storage": {
        "rom": "16384MB", 
        "ram": "4GB",
        "sdcard": false
    },
    "camera": {
        "features": [
            "Flash, ", 
            "HD Video"
        ], 
        "primary": "5.0 megapixels",
        "secondary": "3.0 megapixels"
    },
    "battery": {
        "standbyTime": "428 hours", 
        "talkTime": "6 hours", 
        "type": "Lithium Ion (Li-Ion) (1500 mAH)"
    }, 
    "connectivity": {
        "bluetooth": "Bluetooth 2.1", 
        "cell": "No cellular connectivity", 
        "gps": true, 
        "infrared": false, 
        "wifi": "802.11 b/g/n"
    }, 
    "images": [
        "images/phones/lumia320-1.jpg",
        "images/phones/lumia320-2.jpg"
    ]
}
