{    
      
    "name": "Samsung Galaxy S6 Edge", 
    "description": "The Samsung Galaxy S6 Edge is powered by 1.5GHz octa-core Samsung Exynos 7420 processor and it comes with 3GB of RAM. The phone packs 32GB of internal storage cannot be expanded. As far as the cameras are concerned, the Samsung Galaxy S6 Edge packs a 16-megapixel primary camera on the rear and a 5-megapixel front shooter for selfies. The Samsung Galaxy S6 Edge runs Android 5.0 and is powered by a 2600mAh non removable battery. It measures 142.10 x 70.10 x 7.00 (height x width x thickness) and weighs 132.00 grams. The Samsung Galaxy S6 Edge is a single SIM (GSM) smartphone that accepts a Nano-SIM. Connectivity options include Wi-Fi, GPS, Bluetooth, NFC, 4G (with support for Band 40 used by some LTE networks in India). Sensors on the phone include Proximity sensor, Ambient light sensor, Accelerometer, and Gyroscope. ",
    "os": "Android 6 Marshmellow",
    "availability": [
        "Black, ", 
        "Blue, ", 
        "Orange"
    ],  
    "sizeAndWeight": {
        "dimensions": [
            "63.0 mm (w) X ", 
            "123.9 mm (h) X ", 
            "10.88 mm (d)"
        ], 
        "weight": "129.0 grams"
    },    
    "display": {
        "type": "LED-backlit IPS LCD capacitive touchscreen, 16M colors",
        "resolution": "800 x 1280 pixels (~216 ppi pixel density)", 
        "size": "7.0 inches", 
        "gorilla": true
    },
    "storage": {
        "rom": "16384MB", 
        "ram": "4GB",
        "sdcard": false
    },
    "camera": {
        "features": [
            "Flash, ", 
            "HD Video"
        ], 
        "primary": "5.0 megapixels",
        "secondary": "3.0 megapixels"
    },
    "battery": {
        "standbyTime": "428 hours", 
        "talkTime": "6 hours", 
        "type": "Lithium Ion (Li-Ion) (1500 mAH)"
    }, 
    "connectivity": {
        "bluetooth": "Bluetooth 2.1", 
        "cell": "No cellular connectivity", 
        "gps": true, 
        "infrared": false, 
        "wifi": "802.11 b/g/n"
    }, 
    "images": [
        "images/phones/galaxyedge-1.jpg",
        "images/phones/galaxyedge-2.jpg",
        "images/phones/galaxyedge-3.jpg",
        "images/phones/galaxyedge-4.jpg",
        "images/phones/galaxyedge-5.jpg"
    ]
}
