{    
      
    "name": "Nexus 7", 
    "description": "The first-generation Nexus 7 is a mini tablet computer co-developed by Google and Asus that runs the Android operating system. It is the first tablet in the Google Nexus series of Android consumer devices marketed by Google and built by an original equipment manufacturer partner. The Nexus 7 features a 7-inch (180 mm) display, an Nvidia Tegra 3 quad-core chip, 1 GB of memory, Wi-Fi and near field communication connectivity, and 8, 16 or 32 GB of storage. The tablet was the first device to ship with version 4.1 of Android, nicknamed 'Jelly Bean'. By emphasizing the integration of the Google Play multimedia store with Android 4.1, Google intended to market the Nexus 7 as an entertainment device and a platform for consuming e-books, television shows, films, games, and music.",
    "os": "Android 6 Marshmellow",
    "availability": [
        "Black, ", 
        "Blue, ", 
        "Orange"
    ],  
    "sizeAndWeight": {
        "dimensions": [
            "63.0 mm (w) X ", 
            "123.9 mm (h) X ", 
            "10.88 mm (d)"
        ], 
        "weight": "129.0 grams"
    },    
    "display": {
        "type": "LED-backlit IPS LCD capacitive touchscreen, 16M colors",
        "resolution": "800 x 1280 pixels (~216 ppi pixel density)", 
        "size": "7.0 inches", 
        "gorilla": true
    },
    "storage": {
        "rom": "16384MB", 
        "ram": "4GB",
        "sdcard": false
    },
    "camera": {
        "features": [
            "Flash, ", 
            "HD Video"
        ], 
        "primary": "5.0 megapixels",
        "secondary": "3.0 megapixels"
    },
    "battery": {
        "standbyTime": "428 hours", 
        "talkTime": "6 hours", 
        "type": "Lithium Ion (Li-Ion) (1500 mAH)"
    }, 
    "connectivity": {
        "bluetooth": "Bluetooth 2.1", 
        "cell": "No cellular connectivity", 
        "gps": true, 
        "infrared": false, 
        "wifi": "802.11 b/g/n"
    }, 
    "images": [
        "images/phones/nexus7-1.jpg",
        "images/phones/nexus7-2.jpg"
    ]
}
