{    
      
    "name": "Oppo", 
    "description": "The Oppo A30 is powered by 2.3GHz quad-core Qualcomm Snapdragon MSM8974 processor and it comes with 3GB of RAM. The phone packs 16GB of internal storage cannot be expanded. As far as the cameras are concerned, the Oppo A30 packs a 13-megapixel primary camera on the rear and a 8-megapixel front shooter for selfies. The Oppo A30 runs Android 5.1 and is powered by a 2525mAh non removable battery. It measures 140.00 x 69.00 x 6.90 (height x width x thickness) and weighs 138.00 grams. The Oppo A30 is a single SIM (GSM) smartphone that accepts a Nano-SIM. Connectivity options include Wi-Fi, Bluetooth, FM, 4G (with support for Band 40 used by some LTE networks in India). Sensors on the phone include Proximity sensor, Ambient light sensor, Accelerometer, and Gyroscope.",
    "os": "Android 6 Marshmellow",
    "availability": [
        "Black, ", 
        "Blue, ", 
        "Orange"
    ],  
    "sizeAndWeight": {
        "dimensions": [
            "63.0 mm (w) X ", 
            "123.9 mm (h) X ", 
            "10.88 mm (d)"
        ], 
        "weight": "129.0 grams"
    },    
    "display": {
        "type": "LED-backlit IPS LCD capacitive touchscreen, 16M colors",
        "resolution": "800 x 1280 pixels (~216 ppi pixel density)", 
        "size": "7.0 inches", 
        "gorilla": true
    },
    "storage": {
        "rom": "16384MB", 
        "ram": "4GB",
        "sdcard": false
    },
    "camera": {
        "features": [
            "Flash, ", 
            "HD Video"
        ], 
        "primary": "5.0 megapixels",
        "secondary": "3.0 megapixels"
    },
    "battery": {
        "standbyTime": "428 hours", 
        "talkTime": "6 hours", 
        "type": "Lithium Ion (Li-Ion) (1500 mAH)"
    }, 
    "connectivity": {
        "bluetooth": "Bluetooth 2.1", 
        "cell": "No cellular connectivity", 
        "gps": true, 
        "infrared": false, 
        "wifi": "802.11 b/g/n"
    }, 
    "images": [
        "images/phones/oppo-1.jpg",
        "images/phones/oppo-2.jpg"
    ]
}
