{    
      
    "name": "Dr.XXXX M.B.B.S", 
    "description": "The ZenFone 2 was announced at CES 2015. The flagship phablet model (ZE551ML) launched with Android 5.0 Lollipop running Asus's custom Zen UI and has a 5.5inch Full HD (1920×1080) IPS display. The phone is powered by Intel Atom Moorefield SoCs with up to 4 GB of RAM, a first for smartphones. The phone also includes dual MicroSIM card slots, 13/5 MP rear and front cameras, a non-removable 3000 mAh Lithium polymer battery, up to 16/32/64/128 GB of internal storage, and a MicroSD Card slot. Additionally, Asus announced two other models of the Zenfone 2. The ZE550ML comes with a 5.5inch HD (1280×720) IPS display, but otherwise features similar specifications to the ZE551ML. The ZE500CL, the low cost variant, comes with a 5inch HD display, an Intel Atom Cloverview CPU, 2 GB of RAM, a single MicroSIM slot, 8/2 MP rear and front cameras, and a 2500 mAh battery.",
    "os": "Android 6 Marshmellow",
    "availability": [
        "Black, ", 
        "Blue, ", 
        "Orange"
    ],  
    "sizeAndWeight": {
        "dimensions": [
            "63.0 mm (w) X ", 
            "123.9 mm (h) X ", 
            "10.88 mm (d)"
        ], 
        "weight": "129.0 grams"
    },    
    "display": {
        "type": "LED-backlit IPS LCD capacitive touchscreen, 16M colors",
        "resolution": "800 x 1280 pixels (~216 ppi pixel density)", 
        "size": "7.0 inches", 
        "gorilla": true
    },
    "storage": {
        "rom": "16384MB", 
        "ram": "4GB",
        "sdcard": false
    },
    "camera": {
        "features": [
            "Flash, ", 
            "HD Video"
        ], 
        "primary": "5.0 megapixels",
        "secondary": "3.0 megapixels"
    },
    "battery": {
        "standbyTime": "428 hours", 
        "talkTime": "6 hours", 
        "type": "Lithium Ion (Li-Ion) (1500 mAH)"
    }, 
    "connectivity": {
        "bluetooth": "Bluetooth 2.1", 
        "cell": "No cellular connectivity", 
        "gps": true, 
        "infrared": false, 
        "wifi": "802.11 b/g/n"
    }, 
    "images": [
        "images/phones/zenfone2-1.jpg",
        "images/phones/zenfone2-2.jpg",
        "images/phones/zenfone2-3.jpg"
    ]
}
