{    
      
    "name": "Micromax Canvas Fire 5", 
    "description": "The Micromax Canvas Fire 5 is powered by 1.3GHz quad-core and it comes with 1GB of RAM. The phone packs 16GB of internal storage that can be expanded up to 64GB via a microSD card. As far as the cameras are concerned, the Micromax Canvas Fire 5 packs a 8-megapixel primary camera on the rear and a 5-megapixel front shooter for selfies. The Micromax Canvas Fire 5 runs Android 6.0 and is powered by a 2500mAh non removable battery. The Micromax Canvas Fire 5 is a dual SIM (GSM and GSM) smartphone that accepts two Regular SIMs. Connectivity options include Wi-Fi, GPS, Bluetooth, FM. Sensors on the phone include Proximity sensor, Ambient light sensor, Accelerometer, and Gyroscope. ",
    "os": "Android 6 Marshmellow",
    "availability": [
        "Black, ", 
        "Blue, ", 
        "Orange"
    ],  
    "sizeAndWeight": {
        "dimensions": [
            "63.0 mm (w) X ", 
            "123.9 mm (h) X ", 
            "10.88 mm (d)"
        ], 
        "weight": "129.0 grams"
    },    
    "display": {
        "type": "LED-backlit IPS LCD capacitive touchscreen, 16M colors",
        "resolution": "800 x 1280 pixels (~216 ppi pixel density)", 
        "size": "7.0 inches", 
        "gorilla": true
    },
    "storage": {
        "rom": "16384MB", 
        "ram": "4GB",
        "sdcard": false
    },
    "camera": {
        "features": [
            "Flash, ", 
            "HD Video"
        ], 
        "primary": "5.0 megapixels",
        "secondary": "3.0 megapixels"
    },
    "battery": {
        "standbyTime": "428 hours", 
        "talkTime": "6 hours", 
        "type": "Lithium Ion (Li-Ion) (1500 mAH)"
    }, 
    "connectivity": {
        "bluetooth": "Bluetooth 2.1", 
        "cell": "No cellular connectivity", 
        "gps": true, 
        "infrared": false, 
        "wifi": "802.11 b/g/n"
    }, 
    "images": [
        "images/phones/canvas6-1.jpg",
        "images/phones/canvas6-2.jpg",
        "images/phones/canvas6-3.jpg"
    ]
}
