{    
      
    "name": "Motoroal G2", 
    "description": "The phone was unveiled along with the second generation Moto X, Moto 360, and Moto Hint in India and the U.S. at their respective events on 5 September 2014. It has U.S. pricing of US$179.99 with no contract for the 8 GB version. This phone was launched in India on Flipkart on September 5, 2014 with sales beginning at midnight. Only the 16 GB dual SIM variant of this phone is available in India with the model number XT1068 priced at ₹12,999. As of January 2015, a 4G 16GB variant was made available in Brazil only.[5] The 4G chip on this model is not compatible with all countries.[6] It has many of the same specifications as the 3G variant, including screen, cameras, dual SIM capability, MicroSD expansion and processor, though it comes standard with Android Lollipop 5.0.2, has a larger 2,390mAh battery and a minimum 16GB of storage (depending on purchase[7]).[8][9] As of March 2015, the LTE variant (XT1072) was available in the UK.[10][11] The LTE variant (XT1079) of the phone is available in India from 25 October 2015 at a price of ₹8999.",
    "os": "Android 6 Marshmellow",
    "availability": [
        "Black, ", 
        "Blue, ", 
        "Orange"
    ],  
    "sizeAndWeight": {
        "dimensions": [
            "63.0 mm (w) X ", 
            "123.9 mm (h) X ", 
            "10.88 mm (d)"
        ], 
        "weight": "129.0 grams"
    },    
    "display": {
        "type": "LED-backlit IPS LCD capacitive touchscreen, 16M colors",
        "resolution": "800 x 1280 pixels (~216 ppi pixel density)", 
        "size": "7.0 inches", 
        "gorilla": true
    },
    "storage": {
        "rom": "16384MB", 
        "ram": "4GB",
        "sdcard": false
    },
    "camera": {
        "features": [
            "Flash, ", 
            "HD Video"
        ], 
        "primary": "5.0 megapixels",
        "secondary": "3.0 megapixels"
    },
    "battery": {
        "standbyTime": "428 hours", 
        "talkTime": "6 hours", 
        "type": "Lithium Ion (Li-Ion) (1500 mAH)"
    }, 
    "connectivity": {
        "bluetooth": "Bluetooth 2.1", 
        "cell": "No cellular connectivity", 
        "gps": true, 
        "infrared": false, 
        "wifi": "802.11 b/g/n"
    }, 
    "images": [
        "images/phones/motog2-1.jpg",
        "images/phones/motog2-2.jpg",
        "images/phones/motog2-3.jpg"
    ]
}
